软件名称,RPM名称,软件包名称,功能说明,详细情况,依赖关系
acl,acl-2.3.1-r0.aarch64.rpm,acl,提供操纵访问控制列表的命令,提供操作程序控制列表的getfacl和setfacl程序。,libacl1 >= 2.3.1 libc6 >= 2.34+10.3.1 
acl,libacl1-2.3.1-r0.aarch64.rpm,libacl1,提供用于访问POSIX访问控制列表的动态库,提供libacl.so动态库，其中包含POSIX 1003.1e标准草案中用于操作访问控制列表的17个函数。,libattr1 >= 2.5.1 libc6 >= 2.34+10.3.1 
attr,attr-2.5.1-r0.aarch64.rpm,attr,用于管理文件系统扩展属性,一种在文件系统对象上操作扩展属性的工具集，特别是getfattr和setfattr工具。还提供了一个attr命令，它在很大程度上兼容使用同名的SGI IRIX工具。,libattr1 >= 2.5.1 libc6 >= 2.34+10.3.1 update-alternatives-opkg
attr,libattr1-2.5.1-r0.aarch64.rpm,libattr1,提供文件扩展属性支持的动态库,提供libattr.so动态库，其中包含扩展属性库函数。,libc6 >= 2.34+10.3.1 
audit,audispd-plugins-3.0.1-r0.aarch64.rpm,audispd-plugins,提供审计事件调度器的插件,为audit系统、audispd的实时接口的提供插件；此插件能够传达事件到远端及其或者为分析可疑行为的事件。,
audit,audit-3.0.1-r0.aarch64.rpm,audit,为审计提供用户空间工具,通过审计系统提供用户空间程序来存储和搜索审计记录生成。,libc6 >= 2.34+10.3.1 libcap-ng >= 0.8.2 
audit,auditd-3.0.1-r0.aarch64.rpm,auditd,提供audit的守护进程,,audit >= 3.0.1 libc6 >= 2.34+10.3.1 libcap-ng >= 0.8.2 
base-files,base-files-3.0.14-r89.qemu_aarch64.rpm,base-files,基础系统的杂项文件,创建基本的系统目录结构，并为系统提供一小组关键配置文件。,
base-passwd,base-passwd-3.5.29-r0.aarch64.rpm,base-passwd,基本系统主密码/组文件,用户数据库文件的主副本（/etc/passwd和/etc/group）。还提供了更新密码工具，以使系统数据库与这些主文件保持同步。,
bash,bash-5.1.8-r0.aarch64.rpm,bash,命令处理器,与sh兼容的命令解释器，从标准输入或文件中读取来执行命令，并结合了ksh和csh的有用功能。,base-files libc6 >= 2.34+10.3.1 libtinfo5 >= 6.3 update-alternatives-opkg
bind-dhclient,bind-dhclient-9.11.14-r0.aarch64.rpm,bind-dhclient,BIND DNS服务器,,base-files base-passwd bind-dhclient-libs >= 9.11.14 libc6 >= 2.34+10.3.1 libcap >= 2.61 libcrypto1.1 >= 1.1.1m shadow
bind-dhclient,bind-dhclient-libs-9.11.14-r0.aarch64.rpm,bind-dhclient-libs,BIND DNS包使用的库,,libc6 >= 2.34+10.3.1 libcap >= 2.61 libcrypto1.1 >= 1.1.1m 
bind-dhclient,bind-dhclient-utils-9.11.14-r0.aarch64.rpm,bind-dhclient-utils,用于查询DNS名称服务器的实用程序,Bind utils包含一组实用程序，用于查询DNS（域名系统）名称服务器以查找有关Internet主机的信息。这些工具将为您提供给定主机名的IP地址，以及有关注册域和网络地址的其他信息。,bind-dhclient-libs >= 9.11.14 libc6 >= 2.34+10.3.1 libreadline8 >= 8.1 update-alternatives-opkg
binutils,libbfd-2.37-r0.aarch64.rpm,libbfd,二进制描述器,提供libbfd-2.37.so动态库。,libc6 >= 2.34+10.3.1 libz1 >= 1.2.11 
busybox,busybox-1.34.1-r0.aarch64.rpm,busybox,许多常见UNIX实用程序的微小版本组合,替代通常在filetuils、shellutils、findutils、textutils、grep、gzip、tar等中的实用程序，提供相当完整的POSIX小型或嵌入式系统环境。,busybox-inittab libc6 >= 2.34+10.3.1 libcrypt1 >= 1.0+10.3.1 libtirpc3 >= 1.3.2 update-alternatives-opkg
busybox,busybox-hwclock-1.34.1-r0.aarch64.rpm,busybox-hwclock,hardware clock，硬件（RTC）时钟,,
busybox,busybox-mdev-1.34.1-r0.aarch64.rpm,busybox-mdev,创建和管理 /dev 目录下的设备文件，包括初始化对象和动态更新,, 
busybox,busybox-udhcpc-1.34.1-r0.aarch64.rpm,busybox-udhcpc,自动分配ip，并设置网卡IP,,
busybox-inittab,busybox-inittab-1.33.2-r0.qemu_aarch64.rpm,busybox-inittab,帮助init完成系统配置的主要文件,, 
bzip2,libbz2-1-1.0.8-r0.aarch64.rpm,libbz2-1,bzip2运行时库,提供libbz2.so.1动态库。,libc6 >= 2.34+10.3.1 
cifs-utils,cifs-utils-6.14-r0.aarch64.rpm,cifs-utils,用于执行和管理Linu CIFS文件系统的挂载,包含用于执行和管理Linux CIFS文件系统挂载的使用程序。,libc6 >= 2.34+10.3.1 
cracklib,cracklib-2.9.7-r0.aarch64.rpm,cracklib,使用字典破解密码的库,测试密码以确定它们是否匹配一定的安全导向特性，可阻止用户选择太过简单的密码。,libc6 >= 2.34+10.3.1 libz1 >= 1.2.11 
cronie,cronie-1.5.7-r0.aarch64.rpm,cronie,用于周期性执行指令,提供cron的守护进程，cron用于在特定时间自动启动任务程序。,base-files base-passwd initd-functions libc6 >= 2.34+10.3.1 libpam >= 1.5.2 libpam-runtime pam-plugin-access pam-plugin-loginuid shadow
curl,curl-7.79.1-r0.aarch64.rpm,curl,用于从远端服务器获取文件,一个命令行工具，用于使用URL语法传输数据，支持多种协议和大量有用的技巧。,libc6 >= 2.34+10.3.1 libcurl4 >= 7.79.1 
curl,libcurl4-7.79.1-r0.aarch64.rpm,libcurl4,用于从URL传输数据的库,"curl共享库，用于使用不同的网络协议访问数据,",libc6 >= 2.34+10.3.1 libgnutls30 >= 3.7.2 libidn2-0 >= 2.3.2 libz1 >= 1.2.11 nettle >= 3.8.1 
dhcp,dhcp-client-4.4.2-r0.aarch64.rpm,dhcp-client,提供ISC DHCP客户端守护程序和dhclient脚本,,bind-dhclient-libs >= 9.11.14 dhcp-libs >= 4.4.2 libc6 >= 2.34+10.3.1 
dhcp,dhcp-libs-4.4.2-r0.aarch64.rpm,dhcp-libs,ISC DHCP服务端和客户端使用的共享库,提供ISC DHCP服务端和客户端使用的共享库。,libc6 >= 2.34+10.3.1 
dhcp,dhcp-omshell-4.4.2-r0.aarch64.rpm,dhcp-omshell,提供omshell程序,,bind-dhclient-libs >= 9.11.14 dhcp-libs >= 4.4.2 libc6 >= 2.34+10.3.1 
dhcp,dhcp-relay-4.4.2-r0.aarch64.rpm,dhcp-relay,提供ISC DHCP中继代理,,bind-dhclient-libs >= 9.11.14 dhcp-libs >= 4.4.2 libc6 >= 2.34+10.3.1 
dhcp,dhcp-server-4.4.2-r0.aarch64.rpm,dhcp-server,提供ISC DHCP服务端,提供DHCP服务端和dhcp守护进程。,base-files base-passwd bind-dhclient-libs >= 9.11.14 dhcp-libs >= 4.4.2 libc6 >= 2.34+10.3.1 shadow
dhcp,dhcp-server-config-4.4.2-r0.aarch64.rpm,dhcp-server-config,ISC DHCP服务端配置,提供默认的DHCP服务端和dhcp守护进程配置文件。,
dosfstools,dosfstools-4.2-r0.aarch64.rpm,dosfstools,用于创建和检查MS-DOS FAT文件系统,包含用于Linux中 创建和检查硬盘或软盘上的MS-DOS FAT文件系统的两个工具。,libc6 >= 2.34+10.3.1 update-alternatives-opkg
dsoftbus,dsoftbus-1.0-r1.aarch64.rpm,dsoftbus,软总线,,libc6 >= 2.34+10.3.1 libstdc++6 >= 10.3.1+10.3.1 
e2fsprogs,e2fsprogs-1.46.4-r0.aarch64.rpm,e2fsprogs,用于管理ext2、ext3和ext4文件系统,包含许多用于ext2、ext3和ext4文件系统中创建、检查、修改和纠正任何不一致的程序。,e2fsprogs-badblocks e2fsprogs-dumpe2fs libblkid1 >= 2.37.2 libc6 >= 2.34+10.3.1 libcom-err2 >= 1.46.4 libe2p2 >= 1.46.4 libext2fs2 >= 1.46.4 libss2 >= 1.46.4 libuuid1 >= 2.37.2 update-alternatives-opkg
e2fsprogs,e2fsprogs-badblocks-1.46.4-r0.aarch64.rpm,e2fsprogs-badblocks,用于检查磁盘装置中损坏的区块,提供badblocks命令，用于检查磁盘装置中损坏的区块。,libc6 >= 2.34+10.3.1 libcom-err2 >= 1.46.4 libext2fs2 >= 1.46.4 
e2fsprogs,e2fsprogs-dumpe2fs-1.46.4-r0.aarch64.rpm,e2fsprogs-dumpe2fs,用于查看格式化之后的文件系统信息,提供dumpe2fs命令，用于查看格式化之后的文件系统信息。,libblkid1 >= 2.37.2 libc6 >= 2.34+10.3.1 libcom-err2 >= 1.46.4 libe2p2 >= 1.46.4 libext2fs2 >= 1.46.4 
e2fsprogs,e2fsprogs-e2fsck-1.46.4-r0.aarch64.rpm,e2fsprogs-e2fsck,用于检查使用Linux ext2档案系统的partition,提供e2fsck命令，用于检查使用Linux ext2档案系统的partition是否正常工作。,libblkid1 >= 2.37.2 libc6 >= 2.34+10.3.1 libcom-err2 >= 1.46.4 libe2p2 >= 1.46.4 libext2fs2 >= 1.46.4 libuuid1 >= 2.37.2 
e2fsprogs,e2fsprogs-mke2fs-1.46.4-r0.aarch64.rpm,e2fsprogs-mke2fs,用于建立ext2文件系统,提供mke2fs.conf和mke2fs.e2fsprogs，mke2fs命令用于建立ext2文件系统。,libblkid1 >= 2.37.2 libc6 >= 2.34+10.3.1 libcom-err2 >= 1.46.4 libe2p2 >= 1.46.4 libext2fs2 >= 1.46.4 libuuid1 >= 2.37.2 update-alternatives-opkg
e2fsprogs,e2fsprogs-tune2fs-1.46.4-r0.aarch64.rpm,e2fsprogs-tune2fs,调整和查看ext2/ext3文件系统参数的命令行工具,"提供e2label、tune2fs.e2fsprogs命令,",libblkid1 >= 2.37.2 libc6 >= 2.34+10.3.1 libcom-err2 >= 1.46.4 libe2p2 >= 1.46.4 libext2fs2 >= 1.46.4 libuuid1 >= 2.37.2 update-alternatives-opkg
e2fsprogs,libcom-err2-1.46.4-r0.aarch64.rpm,libcom-err2,e2fsprogs报错库,一个错误信息显示库。,libc6 >= 2.34+10.3.1 
e2fsprogs,libe2p2-1.46.4-r0.aarch64.rpm,libe2p2,e2fsprogs共享库,提供libe2p.so.2和libe2p.so.2.3动态库。,libc6 >= 2.34+10.3.1 
e2fsprogs,libext2fs2-1.46.4-r0.aarch64.rpm,libext2fs2,e2fsprogs共享库,提供libext2fs2.so.2和libext2fs.2.4动态库。,libblkid1 >= 2.37.2 libc6 >= 2.34+10.3.1 libcom-err2 >= 1.46.4 
e2fsprogs,libss2-1.46.4-r0.aarch64.rpm,libss2,e2fsprogs共享库,提供libss.so.2和libss.so.2.0动态库。,libc6 >= 2.34+10.3.1 libcom-err2 >= 1.46.4 
elfutils,libasm1-0.187-r0.aarch64.rpm,libasm1,用于处理编译对象的实用程序和DSO集合,"提供libasm-0.185.so和libasm.so.1动态库,",libc6 >= 2.34+10.3.1 libdw1 >= 0.187 libelf1 >= 0.187 
elfutils,libelf1-0.187-r0.aarch64.rpm,libelf1,读写ELF文件的库,"提供libelf-0.185.so好libelf.so.1动态库,",libc6 >= 2.34+10.3.1 libelf1 >= 0.187 libz1 >= 1.2.11 
elfutils,libdw1-0.187-r0.aarch64.rpm,libdw1,访问DWARF调试信息的库,"提供libdw-0.185.so和libdw.so.1动态库,",libc6 >= 2.34+10.3.1 libz1 >= 1.2.11 
ethtool,ethtool-5.15-r0.aarch64.rpm,ethtool,以太网网卡的设置工具,允许在许多网络设备尤其是以太网设备中查询和更改设置，例如速度、端口、自动协商、PCI位置、校验和卸载。,libc6 >= 2.34+10.3.1 libmnl0 >= 1.0.4 
expat,libexpat1-2.4.8-r0.aarch64.rpm,libexpat1,XML解析器工具包,"提供libexpat.so.1好libexpat.so.1.8.1动态库,",libc6 >= 2.34+10.3.1 
expect,expect-5.45.4-r0.aarch64.rpm,expect,程序脚本交互和测试实用程序,Expect是一个tcl应用程序，用于自动化和测试交互式应用程序，如telnet、ftp、passwd、fsck、rlogin、tip等。Expect使脚本可以轻松控制另一个程序并与之交互。,libc6 >= 2.34+10.3.1 libtcl8.6-0 >= 8.6.12 tcl update-alternatives-opkg
gcc-runtime-external,libstdc++6-10.3.1+10.3.1-r0.aarch64.rpm,libstdc++6,GNU C++ 库,,glibc-external libgcc-s1 >= 10.3.1+10.3.1 
gdb,gdb-11.1-r0.aarch64.rpm,gdb,用于C、C++、Fortran和其他语言的GNU源代码级调试器,GDB是GNU调试器，允许您调试用C、C++、Java和其他语言编写的程序，方法是以受控的方式执行这些程序并打印它们的数据。,libc6 >= 2.34+10.3.1 libexpat1 >= 2.4.8 libgcc-s1 >= 10.3.1+10.3.1 libgmp10 >= 6.2.1 libreadline8 >= 8.1 libstdc++6 >= 10.3.1+10.3.1 libtinfo5 >= 6.3 
gdb,gdbserver-11.1-r0.aarch64.rpm,gdbserver,GDB（GNU源级调试器）的独立服务器,此软件包提供了一个程序，允许您在运行正在调试程序的计算机之外的计算机上运行GDB。openEuler Embedded 330 版本中，SDK中暂时不支持主机端交叉调试工具gdb，可以使用gdb-multiarch代替，一般都可以通过zypper/apt/yum 安装（openeuler镜像暂不支持）。,libc6 >= 2.34+10.3.1 libgcc-s1 >= 10.3.1+10.3.1 libstdc++6 >= 10.3.1+10.3.1 
glib-2.0,libglib-2.0-0-2.72.2-r0.aarch64.rpm,libglib-2.0-0,通用使用程序库,,libc6 >= 2.34+10.3.1 libffi8 >= 3.4.2 libpcre1 >= 8.45 libz1 >= 1.2.11 
glibc-external,ldconfig-2.34+10.3.1-r0.aarch64.rpm,ldconfig,提供ldconfig实用程序,,
glibc-external,libc6-2.34+10.3.1-r0.aarch64.rpm,libc6,GNU libc库,,
glibc-external,libthread-db1-2.34+10.3.1-r0.aarch64.rpm,libthread-db1,,,libc6 >= 2.34+10.3.1 
gmp,libgmp10-6.2.1-r0.aarch64.rpm,libgmp10,一个用于计算巨大数字的库,GMP是一个用于任意精度算术的库，对有符号整数、有理数和浮点数进行操作。,libc6 >= 2.34+10.3.1 
gnutls,libgnutls30-3.7.2-r0.aarch64.rpm,libgnutls30,GNU传输层安全库,GnuTLS库在可靠传输层上提供了一个安全层。目前，GnuTLS库实现了IETF TLS工作组提出的标准。,libc6 >= 2.34+10.3.1 libgmp10 >= 6.2.1 libidn2-0 >= 2.3.2 libunistring2 >= 0.9.10 nettle >= 3.8.1 
grep,grep-3.7-r0.aarch64.rpm,grep,用于打印与模式匹配的行,提供grep命令，用于在一个或多个输入文件中搜索包含匹配指定的模式，默认情况下，grep打印匹配的行。,libc6 >= 2.34+10.3.1 libpcre2 >= 10.39 update-alternatives-opkg
grub,grub-common-2.06-r0.aarch64.rpm,grub-common,grub2通用布局,这个包提供了各种GRUB2子包所需的一些目录。,grub-editenv libc6 >= 2.34+10.3.1 
grub,grub-editenv-2.06-r0.aarch64.rpm,grub-editenv,提供grub-editenv程序,,libc6 >= 2.34+10.3.1 
grub-bootconf,grub-bootconf-1.00-r0.qemu_aarch64.rpm,grub-bootconf,用于EFI系统的基本配置文件,,
grub-efi,grub-efi-2.06-r0.aarch64.rpm,grub-efi,支持EFI的bootloader,,grub-common virtual/grub-bootconf
gzip,gzip-1.12-r0.aarch64.rpm,gzip,GNU 数据压缩程序,包含GNU gzip数据压缩程序。,libc6 >= 2.34+10.3.1 update-alternatives-opkg
http-parser,libhttp-parser2.9-2.9.4-r0.aarch64.rpm,libhttp-parser2.9,解析http的库,,libc6 >= 2.34+10.3.1 
init-ifupdown,init-ifupdown-1.0-r7.qemu_aarch64.rpm,init-ifupdown,基本TCP/IP网络初始化脚本和配置文件,, os-base 
init-system-helpers,init-system-helpers-service-debian+1.64-r0.aarch64.rpm,init-system-helpers-service,所有初始化系统的帮助工具,,
initscripts,initscripts-1.0-r155.aarch64.rpm,initscripts,提供System V初始化脚本的基本支持,提供System V初始化脚本的基本支持以及一些工具和实用程序。,55 init-system-helpers-service initd-functions 
initscripts,initscripts-functions-1.0-r155.aarch64.rpm,initscripts-functions,shell公共函数,提供一些基础的功能。,
iproute2,iproute2-ip-5.15.0-r0.aarch64.rpm,iproute2-ip,提供iproute2程序,提供ip.iproute2工具。,libc6 >= 2.34+10.3.1 libcap >= 2.61 libelf1 >= 0.187 libmnl0 >= 1.0.4 update-alternatives-opkg
iptables,iptables-1.8.7-r0.aarch64.rpm,iptables,用于管理Linux内核包过滤功能的工具,在Linux内核中控制网络包过滤代码，用于设置防火墙或IP伪装。,iptables-module-xt-standard libc6 >= 2.34+10.3.1 
iptables,iptables-module-ip6t-ah-1.8.7-r0.aarch64.rpm,iptables-module-ip6t-ah,提供libip6t_ah.so动态库,,iptables >= 1.8.7 libc6 >= 2.34+10.3.1 
iptables,iptables-module-ip6t-dnat-1.8.7-r0.aarch64.rpm,iptables-module-ip6t-dnat,提供libip6t_DNAT.so动态库,,iptables >= 1.8.7 libc6 >= 2.34+10.3.1 
iptables,iptables-module-ip6t-dnpt-1.8.7-r0.aarch64.rpm,iptables-module-ip6t-dnpt,提供libip6t_DNPT.so动态库,,iptables >= 1.8.7 libc6 >= 2.34+10.3.1 
iptables,iptables-module-ip6t-dst-1.8.7-r0.aarch64.rpm,iptables-module-ip6t-dst,提供libip6t_dst.so动态库,,iptables >= 1.8.7 libc6 >= 2.34+10.3.1 
iptables,iptables-module-ip6t-eui64-1.8.7-r0.aarch64.rpm,iptables-module-ip6t-eui64,提供libip6t_eui64.so动态库,,iptables >= 1.8.7 
iptables,iptables-module-ip6t-frag-1.8.7-r0.aarch64.rpm,iptables-module-ip6t-frag,提供libip6t_frag.so动态库,,iptables >= 1.8.7 libc6 >= 2.34+10.3.1 
iptables,iptables-module-ip6t-hbh-1.8.7-r0.aarch64.rpm,iptables-module-ip6t-hbh,提供libip6t_hbh.so动态库,,iptables >= 1.8.7 libc6 >= 2.34+10.3.1 
iptables,iptables-module-ip6t-hl-1.8.7-r0.aarch64.rpm,iptables-module-ip6t-hl,提供libip6t_HL.so和libip6t_hl.so动态库,,iptables >= 1.8.7 libc6 >= 2.34+10.3.1 
iptables,iptables-module-ip6t-icmp6-1.8.7-r0.aarch64.rpm,iptables-module-ip6t-icmp6,提供libip6t_icmp6.so动态库,,iptables >= 1.8.7 libc6 >= 2.34+10.3.1 
iptables,iptables-module-ip6t-ipv6header-1.8.7-r0.aarch64.rpm,iptables-module-ip6t-ipv6header,提供libip6t_ipv6header.so动态库,,iptables >= 1.8.7 libc6 >= 2.34+10.3.1 
iptables,iptables-module-ip6t-log-1.8.7-r0.aarch64.rpm,iptables-module-ip6t-log,提供libip6t_LOG.so动态库,,iptables >= 1.8.7 libc6 >= 2.34+10.3.1 
iptables,iptables-module-ip6t-masquerade-1.8.7-r0.aarch64.rpm,iptables-module-ip6t-masquerade,提供libip6t_MASQUERADE.so动态库,,iptables >= 1.8.7 libc6 >= 2.34+10.3.1 
iptables,iptables-module-ip6t-mh-1.8.7-r0.aarch64.rpm,iptables-module-ip6t-mh,提供libip6t_mh.so动态库,,iptables >= 1.8.7 libc6 >= 2.34+10.3.1 
iptables,iptables-module-ip6t-netmap-1.8.7-r0.aarch64.rpm,iptables-module-ip6t-netmap,提供libip6t_NETMAP.so动态库,,iptables >= 1.8.7 libc6 >= 2.34+10.3.1 
iptables,iptables-module-ip6t-redirect-1.8.7-r0.aarch64.rpm,iptables-module-ip6t-redirect,提供libip6t_REDIRECT.so动态库,,iptables >= 1.8.7 libc6 >= 2.34+10.3.1 
iptables,iptables-module-ip6t-reject-1.8.7-r0.aarch64.rpm,iptables-module-ip6t-reject,提供libip6t_REJECT.so动态库,,iptables >= 1.8.7 libc6 >= 2.34+10.3.1 
iptables,iptables-module-ip6t-rt-1.8.7-r0.aarch64.rpm,iptables-module-ip6t-rt,提供libip6t_rt.so动态库,,iptables >= 1.8.7 libc6 >= 2.34+10.3.1 
iptables,iptables-module-ip6t-snat-1.8.7-r0.aarch64.rpm,iptables-module-ip6t-snat,提供libip6t_SNAT.so动态库,,iptables >= 1.8.7 libc6 >= 2.34+10.3.1 
iptables,iptables-module-ip6t-snpt-1.8.7-r0.aarch64.rpm,iptables-module-ip6t-snpt,提供libip6t_SNPT.so动态库,,iptables >= 1.8.7 libc6 >= 2.34+10.3.1 
iptables,iptables-module-ip6t-srh-1.8.7-r0.aarch64.rpm,iptables-module-ip6t-srh,提供libip6t_srh.so动态库,,iptables >= 1.8.7 libc6 >= 2.34+10.3.1 
iptables,iptables-module-ipt-ah-1.8.7-r0.aarch64.rpm,iptables-module-ipt-ah,提供libipt_ah.so动态库,,iptables >= 1.8.7 libc6 >= 2.34+10.3.1 
iptables,iptables-module-ipt-clusterip-1.8.7-r0.aarch64.rpm,iptables-module-ipt-clusterip,提供libipt_CLUSTERIP.so动态库,,iptables >= 1.8.7 libc6 >= 2.34+10.3.1 
iptables,iptables-module-ipt-dnat-1.8.7-r0.aarch64.rpm,iptables-module-ipt-dnat,提供libipt_DNAT.so动态库,,iptables >= 1.8.7 libc6 >= 2.34+10.3.1 
iptables,iptables-module-ipt-ecn-1.8.7-r0.aarch64.rpm,iptables-module-ipt-ecn,提供libipt_ECN.so动态库,,iptables >= 1.8.7 libc6 >= 2.34+10.3.1 
iptables,iptables-module-ipt-icmp-1.8.7-r0.aarch64.rpm,iptables-module-ipt-icmp,提供libipt_icmp.so动态库,,iptables >= 1.8.7 libc6 >= 2.34+10.3.1 
iptables,iptables-module-ipt-log-1.8.7-r0.aarch64.rpm,iptables-module-ipt-log,提供libipt_LOG.so动态库,,iptables >= 1.8.7 libc6 >= 2.34+10.3.1 
iptables,iptables-module-ipt-masquerade-1.8.7-r0.aarch64.rpm,iptables-module-ipt-masquerade,提供libipt_MASQUERADE.so动态库,,iptables >= 1.8.7 libc6 >= 2.34+10.3.1 
iptables,iptables-module-ipt-netmap-1.8.7-r0.aarch64.rpm,iptables-module-ipt-netmap,提供libipt_NETMAP.so动态库,,iptables >= 1.8.7 libc6 >= 2.34+10.3.1 
iptables,iptables-module-ipt-realm-1.8.7-r0.aarch64.rpm,iptables-module-ipt-realm,提供libipt_realm.so动态库,,iptables >= 1.8.7 libc6 >= 2.34+10.3.1 
iptables,iptables-module-ipt-redirect-1.8.7-r0.aarch64.rpm,iptables-module-ipt-redirect,提供libipt_REDIRECT.so动态库,,iptables >= 1.8.7 libc6 >= 2.34+10.3.1 
iptables,iptables-module-ipt-reject-1.8.7-r0.aarch64.rpm,iptables-module-ipt-reject,提供libipt_REJECT.so动态库,,iptables >= 1.8.7 libc6 >= 2.34+10.3.1 
iptables,iptables-module-ipt-snat-1.8.7-r0.aarch64.rpm,iptables-module-ipt-snat,提供libipt_SNAT.so动态库,,iptables >= 1.8.7 libc6 >= 2.34+10.3.1 
iptables,iptables-module-ipt-ttl-1.8.7-r0.aarch64.rpm,iptables-module-ipt-ttl,提供libipt_TTL.so和libipt_ttl.so动态库,,iptables >= 1.8.7 libc6 >= 2.34+10.3.1 
iptables,iptables-module-ipt-ulog-1.8.7-r0.aarch64.rpm,iptables-module-ipt-ulog,提供libipt_ULOG.so动态库,,iptables >= 1.8.7 libc6 >= 2.34+10.3.1 
iptables,iptables-module-xt-addrtype-1.8.7-r0.aarch64.rpm,iptables-module-xt-addrtype,提供libxt_addrtype.so动态库,,iptables >= 1.8.7 libc6 >= 2.34+10.3.1 
iptables,iptables-module-xt-audit-1.8.7-r0.aarch64.rpm,iptables-module-xt-audit,提供libxt_AUDIT.so动态库,,iptables >= 1.8.7 libc6 >= 2.34+10.3.1 
iptables,iptables-module-xt-bpf-1.8.7-r0.aarch64.rpm,iptables-module-xt-bpf,提供libxt_bpf.so动态库,,iptables >= 1.8.7 libc6 >= 2.34+10.3.1 
iptables,iptables-module-xt-cgroup-1.8.7-r0.aarch64.rpm,iptables-module-xt-cgroup,提供libxt_cgroup.so动态库,,iptables >= 1.8.7 libc6 >= 2.34+10.3.1 
iptables,iptables-module-xt-checksum-1.8.7-r0.aarch64.rpm,iptables-module-xt-checksum,提供libxt_CHECKSUM.so动态库,,iptables >= 1.8.7 libc6 >= 2.34+10.3.1 
iptables,iptables-module-xt-classify-1.8.7-r0.aarch64.rpm,iptables-module-xt-classify,提供libxt_CLASSIFY.so动态库,,iptables >= 1.8.7 libc6 >= 2.34+10.3.1 
iptables,iptables-module-xt-cluster-1.8.7-r0.aarch64.rpm,iptables-module-xt-cluster,提供libxt_cluster.so动态库,,iptables >= 1.8.7 libc6 >= 2.34+10.3.1 
iptables,iptables-module-xt-comment-1.8.7-r0.aarch64.rpm,iptables-module-xt-comment,提供libxt_comment.so动态库,,iptables >= 1.8.7 libc6 >= 2.34+10.3.1 
iptables,iptables-module-xt-connbytes-1.8.7-r0.aarch64.rpm,iptables-module-xt-connbytes,提供libxt_connbytes.so动态库,,iptables >= 1.8.7 libc6 >= 2.34+10.3.1 
iptables,iptables-module-xt-connlimit-1.8.7-r0.aarch64.rpm,iptables-module-xt-connlimit,提供libxt_connlimit.so动态库,,iptables >= 1.8.7 libc6 >= 2.34+10.3.1 
iptables,iptables-module-xt-connmark-1.8.7-r0.aarch64.rpm,iptables-module-xt-connmark,提供libxt_CONNMARK.so和libxt_connmark.so动态库,,iptables >= 1.8.7 libc6 >= 2.34+10.3.1 
iptables,iptables-module-xt-connsecmark-1.8.7-r0.aarch64.rpm,iptables-module-xt-connsecmark,提供libxt_CONNSECMARK.so动态库,,iptables >= 1.8.7 libc6 >= 2.34+10.3.1 
iptables,iptables-module-xt-conntrack-1.8.7-r0.aarch64.rpm,iptables-module-xt-conntrack,提供libxt_conntrack.so和libxt_state.so动态库,,iptables >= 1.8.7 libc6 >= 2.34+10.3.1 
iptables,iptables-module-xt-cpu-1.8.7-r0.aarch64.rpm,iptables-module-xt-cpu,提供libxt_cpu.so动态库,,iptables >= 1.8.7 libc6 >= 2.34+10.3.1 
iptables,iptables-module-xt-ct-1.8.7-r0.aarch64.rpm,iptables-module-xt-ct,提供libxt_CT.so和libxt_NOTRACK.so动态库,,iptables >= 1.8.7 libc6 >= 2.34+10.3.1 
iptables,iptables-module-xt-dccp-1.8.7-r0.aarch64.rpm,iptables-module-xt-dccp,提供libxt_dccp.so动态库,,iptables >= 1.8.7 libc6 >= 2.34+10.3.1 
iptables,iptables-module-xt-devgroup-1.8.7-r0.aarch64.rpm,iptables-module-xt-devgroup,提供libxt_devgroup.so动态库,,iptables >= 1.8.7 libc6 >= 2.34+10.3.1 
iptables,iptables-module-xt-dscp-1.8.7-r0.aarch64.rpm,iptables-module-xt-dscp,提供libxt_DSCP.so和libxt_dscp.so动态库,,iptables >= 1.8.7 libc6 >= 2.34+10.3.1 
iptables,iptables-module-xt-ecn-1.8.7-r0.aarch64.rpm,iptables-module-xt-ecn,提供libxt_ecn.so动态库,,iptables >= 1.8.7 libc6 >= 2.34+10.3.1 
iptables,iptables-module-xt-esp-1.8.7-r0.aarch64.rpm,iptables-module-xt-esp,提供libxt_esp.so动态库,,iptables >= 1.8.7 libc6 >= 2.34+10.3.1 
iptables,iptables-module-xt-hashlimit-1.8.7-r0.aarch64.rpm,iptables-module-xt-hashlimit,提供ibxt_hashlimit.so动态库,,iptables >= 1.8.7 libc6 >= 2.34+10.3.1 
iptables,iptables-module-xt-helper-1.8.7-r0.aarch64.rpm,iptables-module-xt-helper,提供libxt_helper.so动态库,,iptables >= 1.8.7 libc6 >= 2.34+10.3.1 
iptables,iptables-module-xt-hmark-1.8.7-r0.aarch64.rpm,iptables-module-xt-hmark,提供libxt_HMARK.so动态库,,iptables >= 1.8.7 libc6 >= 2.34+10.3.1 
iptables,iptables-module-xt-idletimer-1.8.7-r0.aarch64.rpm,iptables-module-xt-idletimer,提供libxt_IDLETIMER.so动态库,,iptables >= 1.8.7 libc6 >= 2.34+10.3.1 
iptables,iptables-module-xt-ipcomp-1.8.7-r0.aarch64.rpm,iptables-module-xt-ipcomp,提供libxt_ipcomp.so动态库,,iptables >= 1.8.7 libc6 >= 2.34+10.3.1 
iptables,iptables-module-xt-iprange-1.8.7-r0.aarch64.rpm,iptables-module-xt-iprange,提供libxt_iprange.so动态库,,iptables >= 1.8.7 libc6 >= 2.34+10.3.1 
iptables,iptables-module-xt-ipvs-1.8.7-r0.aarch64.rpm,iptables-module-xt-ipvs,提供libxt_ipvs.so动态库,,iptables >= 1.8.7 libc6 >= 2.34+10.3.1 
iptables,iptables-module-xt-led-1.8.7-r0.aarch64.rpm,iptables-module-xt-led,提供libxt_LED.so动态库,,iptables >= 1.8.7 libc6 >= 2.34+10.3.1 
iptables,iptables-module-xt-length-1.8.7-r0.aarch64.rpm,iptables-module-xt-length,提供libxt_length.so动态库,,iptables >= 1.8.7 libc6 >= 2.34+10.3.1 
iptables,iptables-module-xt-limit-1.8.7-r0.aarch64.rpm,iptables-module-xt-limit,提供libxt_limit.so动态库,,iptables >= 1.8.7 libc6 >= 2.34+10.3.1 
iptables,iptables-module-xt-mac-1.8.7-r0.aarch64.rpm,iptables-module-xt-mac,提供libxt_mac.so动态库,,iptables >= 1.8.7 libc6 >= 2.34+10.3.1 
iptables,iptables-module-xt-mark-1.8.7-r0.aarch64.rpm,iptables-module-xt-mark,提供libxt_MARK.so和libxt_mark.so动态库,,iptables >= 1.8.7 libc6 >= 2.34+10.3.1 
iptables,iptables-module-xt-multiport-1.8.7-r0.aarch64.rpm,iptables-module-xt-multiport,提供libxt_multiport.so动态库,,iptables >= 1.8.7 libc6 >= 2.34+10.3.1 
iptables,iptables-module-xt-nfacct-1.8.7-r0.aarch64.rpm,iptables-module-xt-nfacct,提供libxt_nfacct.so动态库,,iptables >= 1.8.7 libc6 >= 2.34+10.3.1 
iptables,iptables-module-xt-nflog-1.8.7-r0.aarch64.rpm,iptables-module-xt-nflog,提供libxt_NFLOG.so动态库,,iptables >= 1.8.7 libc6 >= 2.34+10.3.1 
iptables,iptables-module-xt-nfqueue-1.8.7-r0.aarch64.rpm,iptables-module-xt-nfqueue,提供libxt_NFQUEUE.so动态库,,iptables >= 1.8.7 libc6 >= 2.34+10.3.1 
iptables,iptables-module-xt-osf-1.8.7-r0.aarch64.rpm,iptables-module-xt-osf,提供libxt_osf.so动态库,,iptables >= 1.8.7 libc6 >= 2.34+10.3.1 
iptables,iptables-module-xt-owner-1.8.7-r0.aarch64.rpm,iptables-module-xt-owner,提供libxt_owner.so动态库,,iptables >= 1.8.7 libc6 >= 2.34+10.3.1 
iptables,iptables-module-xt-physdev-1.8.7-r0.aarch64.rpm,iptables-module-xt-physdev,提供libxt_physdev.so动态库,,iptables >= 1.8.7 libc6 >= 2.34+10.3.1 
iptables,iptables-module-xt-pkttype-1.8.7-r0.aarch64.rpm,iptables-module-xt-pkttype,提供libxt_pkttype.so动态库,,iptables >= 1.8.7 libc6 >= 2.34+10.3.1 
iptables,iptables-module-xt-policy-1.8.7-r0.aarch64.rpm,iptables-module-xt-policy,提供libxt_policy.so动态库,,iptables >= 1.8.7 libc6 >= 2.34+10.3.1 
iptables,iptables-module-xt-quota-1.8.7-r0.aarch64.rpm,iptables-module-xt-quota,提供libxt_quota.so动态库,,iptables >= 1.8.7 libc6 >= 2.34+10.3.1 
iptables,iptables-module-xt-rateest-1.8.7-r0.aarch64.rpm,iptables-module-xt-rateest,提供libxt_RATEEST.so和libxt_rateest.so动态库,,iptables >= 1.8.7 libc6 >= 2.34+10.3.1 
iptables,iptables-module-xt-recent-1.8.7-r0.aarch64.rpm,iptables-module-xt-recent,提供libxt_recent.so动态库,,iptables >= 1.8.7 libc6 >= 2.34+10.3.1 
iptables,iptables-module-xt-rpfilter-1.8.7-r0.aarch64.rpm,iptables-module-xt-rpfilter,提供libxt_rpfilter.so动态库,,iptables >= 1.8.7 libc6 >= 2.34+10.3.1 
iptables,iptables-module-xt-sctp-1.8.7-r0.aarch64.rpm,iptables-module-xt-sctp,提供libxt_sctp.so动态库,,iptables >= 1.8.7 libc6 >= 2.34+10.3.1 
iptables,iptables-module-xt-secmark-1.8.7-r0.aarch64.rpm,iptables-module-xt-secmark,提供libxt_SECMARK.so动态库,,iptables >= 1.8.7 libc6 >= 2.34+10.3.1 
iptables,iptables-module-xt-set-1.8.7-r0.aarch64.rpm,iptables-module-xt-set,提供libxt_SET.so和libxt_set.so动态库,,iptables >= 1.8.7 libc6 >= 2.34+10.3.1 
iptables,iptables-module-xt-socket-1.8.7-r0.aarch64.rpm,iptables-module-xt-socket,提供libxt_socket.so动态库,,iptables >= 1.8.7 libc6 >= 2.34+10.3.1 
iptables,iptables-module-xt-standard-1.8.7-r0.aarch64.rpm,iptables-module-xt-standard,提供libxt_standard.so动态库,,iptables >= 1.8.7 libc6 >= 2.34+10.3.1 
iptables,iptables-module-xt-statistic-1.8.7-r0.aarch64.rpm,iptables-module-xt-statistic,提供libxt_statistic.so动态库,,iptables >= 1.8.7 libc6 >= 2.34+10.3.1 
iptables,iptables-module-xt-string-1.8.7-r0.aarch64.rpm,iptables-module-xt-string,提供libxt_string.so动态库,,iptables >= 1.8.7 libc6 >= 2.34+10.3.1 
iptables,iptables-module-xt-synproxy-1.8.7-r0.aarch64.rpm,iptables-module-xt-synproxy,提供libxt_SYNPROXY.so动态库,,iptables >= 1.8.7 libc6 >= 2.34+10.3.1 
iptables,iptables-module-xt-tcp-1.8.7-r0.aarch64.rpm,iptables-module-xt-tcp,提供libxt_tcp.so动态库,,iptables >= 1.8.7 libc6 >= 2.34+10.3.1 
iptables,iptables-module-xt-tcpmss-1.8.7-r0.aarch64.rpm,iptables-module-xt-tcpmss,提供libxt_TCPMSS.so和libxt_tcpmss.so动态库,,iptables >= 1.8.7 libc6 >= 2.34+10.3.1 
iptables,iptables-module-xt-tcpoptstrip-1.8.7-r0.aarch64.rpm,iptables-module-xt-tcpoptstrip,提供libxt_TCPOPTSTRIP.so库,,iptables >= 1.8.7 libc6 >= 2.34+10.3.1 
iptables,iptables-module-xt-tee-1.8.7-r0.aarch64.rpm,iptables-module-xt-tee,提供libxt_TEE.so动态库,,iptables >= 1.8.7 libc6 >= 2.34+10.3.1 
iptables,iptables-module-xt-time-1.8.7-r0.aarch64.rpm,iptables-module-xt-time,提供libxt_time.so动态库,,iptables >= 1.8.7 libc6 >= 2.34+10.3.1 
iptables,iptables-module-xt-tos-1.8.7-r0.aarch64.rpm,iptables-module-xt-tos,提供libxt_TOS.so和libxt_tos.so动态库,,iptables >= 1.8.7 libc6 >= 2.34+10.3.1 
iptables,iptables-module-xt-tproxy-1.8.7-r0.aarch64.rpm,iptables-module-xt-tproxy,提供libxt_TPROXY.so动态库,,iptables >= 1.8.7 libc6 >= 2.34+10.3.1 
iptables,iptables-module-xt-trace-1.8.7-r0.aarch64.rpm,iptables-module-xt-trace,提供libxt_TRACE.so动态库,,iptables >= 1.8.7 
iptables,iptables-module-xt-u32-1.8.7-r0.aarch64.rpm,iptables-module-xt-u32,提供libxt_u32.so动态库,,iptables >= 1.8.7 libc6 >= 2.34+10.3.1 
iptables,iptables-module-xt-udp-1.8.7-r0.aarch64.rpm,iptables-module-xt-udp,提供libxt_udp.so动态库,,iptables >= 1.8.7 libc6 >= 2.34+10.3.1 
isulad,isulad-2.0.16-r0.aarch64.rpm,isulad,云原生轻量级容器解决方案,,lcr >= 2.0.8 libc6 >= 2.34+10.3.1 libcrypto1.1 >= 1.1.1m libcurl4 >= 7.79.1 libevent-2.1-7 >= 2.1.12 libevhtp >= 1.2.18 libhttp-parser2.9 >= 2.9.4 libz1 >= 1.2.11 yajl >= 2.1.0
json-c,libjson-c5-0.15-r0.aarch64.rpm,libjson-c5,C中json实现,提供在C中处理json的动态库。,libc6 >= 2.34+10.3.1 
kmod,kmod-30-r0.aarch64.rpm,kmod,将模块加载到内核中,提供内核模块插入、删除、列出、检查属性、解析等工具。,libc6 >= 2.34+10.3.1 libz1 >= 1.2.11 update-alternatives-opkg
kmod,libkmod2-30-r0.aarch64.rpm,libkmod2,与Linux内核模块交互的库,创建libkmod是为了让程序能够轻松插入、删除和列出模块，还可以检查其属性、依赖项和别名。,libc6 >= 2.34+10.3.1 libz1 >= 1.2.11 
lcr,lcr-2.0.8-r0.aarch64.rpm,lcr,轻量级容器,提供轻量级容器动态库。,libc6 >= 2.34+10.3.1 lxc >= 4.0.3 yajl >= 2.1.0
less,less-590-r0.aarch64.rpm,less,文本文件浏览器,提供less等命令，用于查看文本，类似于more，但具有更多的能力。,libc6 >= 2.34+10.3.1 libtinfo5 >= 6.3 update-alternatives-opkg
libaio,libaio1-0.3.112-r0.aarch64.rpm,libaio1,Linux原生异步I/O访问库,提供给POSIX异步I/O工具内核加速的异步I/O功能。,libc6 >= 2.34+10.3.1 
libarchive,Libarchive-3.6.1-r0.aarch64.rpm,libarchive,用于处理流归档格式的库,提供创建和读取不同流存档格式的功能。,libacl1 >= 2.3.1 libbz2-1 >= 1.0.8 libc6 >= 2.34+10.3.1 liblzma5 >= 5.2.5 liblzo2-2 >= 2.10 libxml2 >= 2.9.14 libz1 >= 1.2.11 
libcap,libcap-2.61-r0.aarch64.rpm,libcap,用于获取和设置POSIX.1e功能的库,数据包捕获函数库，用于捕获网卡数据或分析pcap格式的抓包报文。,libc6 >= 2.34+10.3.1 libpam >= 1.5.2 
libcap,libcap-bin-2.61-r0.aarch64.rpm,libcap-bin,提供libcap二进制工具,提供/usr/sbin/capsh、/usr/sbin/getcap、/usr/sbin/getpcaps、/usr/sbin/setcap,libc6 >= 2.34+10.3.1 libcap >= 2.61 
libcap-ng,libcap-ng-0.8.2-r0.aarch64.rpm,libcap-ng,备用POSIX功能库,提供比传统libcap库更容易使用POSIX功能编程的库,libc6 >= 2.34+10.3.1 
libcap-ng,libcap-ng-bin-0.8.2-r0.aarch64.rpm,libcap-ng-bin,提供libcap-ng二进制工具,提供/usr/bin/captest、/usr/bin/filecap、/usr/bin/netcap、/usr/bin/pscap,libc6 >= 2.34+10.3.1 libcap-ng >= 0.8.2 
libestr,libestr0-0.1.11-r0.aarch64.rpm,libestr0,字符串处理必备库,提供了rsyslog守护进程使用的字符串处理必备共享库,libc6 >= 2.34+10.3.1 
libevent,libevent-2.1-7-2.1.12-r0.aarch64.rpm,libevent-2.1-7,抽象异步事件通知库,libevent API提供了一种机制，在文件描述符上发生特定事件或达到超时后执行回调函数。libevent旨在替换事件驱动网络服务器中发现的异步事件循环。应用程序只需要调用event_dispatch()，然后就可以动态添加或删除事件，而不必更改事件循环。,libc6 >= 2.34+10.3.1 
libevhtp,libevhtp-1.2.18-r0.aarch64.rpm,libevhtp,libevhtp包的调试源,此软件包为libevhtp包提供调试源。调试源在开发使用此软件包的应用程序或调试此软件包时非常有用。,libc6 >= 2.34+10.3.1 libevent-2.1-7 >= 2.1.12 
libfastjson,libfastjson4-0.99.9-r0.aarch64.rpm,libfastjson4,JSON解析库,一个JSON解析库，json-c的分叉，由rsyslog团队开发，用于rsyslog和liblognorm。此软件包包括libfastjson库。,libc6 >= 2.34+10.3.1 
libffi,libffi8-3.4.2-r0.aarch64.rpm,libffi8,外部函数接口库,libffi库为各种调用约定提供了一个可移植的高级编程接口。这允许程序员在运行时调用调用接口描述指定的任何函数。,libc6 >= 2.34+10.3.1 
libgcc-external,libgcc-s1-10.3.1+10.3.1-r0.aarch64.rpm,libgcc-s1,GCC共享支持库,该软件包包含GCC共享支持库，如异常处理支持所需。,glibc-external 
libhugetlbfs,libhugetlbfs-2.23-r0.aarch64.rpm,libhugetlbfs,用于大型翻译Lookaside缓冲区文件系统的帮助程序库,libhugetlbfs包与Linux hugetlbfs交互，以透明的方式使大页面可供应用程序使用。,libc6 >= 2.34+10.3.1 
libidn2,libidn2-0-2.3.2-r0.aarch64.rpm,libidn2-0,支持国际化域名（IDN）,IDNA2008规范的实现,libc6 >= 2.34+10.3.1 libunistring2 >= 0.9.10 
libjitterentropy,libjitterentropy3-3.3.1-r0.aarch64.rpm,libjitterentropy3,Jitter entropy generator共享库,,libc6 >= 2.34+10.3.1 
libmetal,libmetal-2022.04.0-r0.aarch64.rpm,libmetal,跨用户空间Linux、baremetal和RTOS环境的抽象层,,libc6 >= 2.34+10.3.1 libsysfs2 >= 2.1.1 
libmnl,libmnl0-1.0.4-r0.aarch64.rpm,libmnl0,最简约的Netlink通信库,libmnl是面向Netlink开发人员的极简用户空间库。在解析、验证和构造Netlink头和TLV时，有许多常见任务是重复的，很容易出错。该库旨在提供简单的助手，允许您重用代码并避免重新发明轮子。,libc6 >= 2.34+10.3.1 
libnl,libnl-3-200-3.5.0-r0.aarch64.rpm,libnl-3-200,内核网络套接字的便利库,这个包包含一个方便的库，可以简化使用Linux内核的netlink套接字接口进行网络操作。,libc6 >= 2.34+10.3.1 
libnl,libnl-3-cli-3.5.0-r0.aarch64.rpm,libnl-3-cli,libnl3的命令行界面实用程序,此软件包包含各种libnl3实用程序和它们所依赖的其他库。,libc6 >= 2.34+10.3.1 libnl-3-200 >= 3.5.0 libnl-genl-3-200 >= 3.5.0 libnl-idiag-3-200 >= 3.5.0 libnl-nf-3-200 >= 3.5.0 libnl-route-3-200 >= 3.5.0 
libnl,libnl-genl-3-200-3.5.0-r0.aarch64.rpm,libnl-genl-3-200,Netlink操作库,提供libnl-genl-3.so.*,libc6 >= 2.34+10.3.1 libnl-3-200 >= 3.5.0 
libnl,libnl-idiag-3-200-3.5.0-r0.aarch64.rpm,libnl-idiag-3-200,libnl-idiag动态库,提供libnl-idiag-3.so.*,libc6 >= 2.34+10.3.1 libnl-3-200 >= 3.5.0 
libnl,libnl-nf-3-200-3.5.0-r0.aarch64.rpm,libnl-nf-3-200,NetFilter以及接口监控相关的Netlink操作库,提供libnl-nf-3.so.*,libc6 >= 2.34+10.3.1 libnl-3-200 >= 3.5.0 libnl-route-3-200 >= 3.5.0 
libnl,libnl-route-3-200-3.5.0-r0.aarch64.rpm,libnl-route-3-200,提供NETLINK_ROUTE家族的API接口库,提供libnl-route-3.so.*,libc6 >= 2.34+10.3.1 libnl-3-200 >= 3.5.0 
libnl,libnl-xfrm-3-200-3.5.0-r0.aarch64.rpm,libnl-xfrm-3-200,libnl-xfrm动态库,提供libnl-xfrm-3.so.*,libc6 >= 2.34+10.3.1 libnl-3-200 >= 3.5.0 
libpam,libpam-1.5.2-r0.aarch64.rpm,libpam,为应用程序提供身份验证的可扩展库,提供/lib64/libpam.so.*、/lib64/libpam_misc.so.*和/lib64/libpamc.so.*,libc6 >= 2.34+10.3.1 
libpam,pam-plugin-access-1.5.2-r0.aarch64.rpm,pam-plugin-access,pam_access.so动态库,提供/lib64/security/pam_access.so,libc6 >= 2.34+10.3.1 libcrypt1 >= 1.0+10.3.1 libpam >= 1.5.2 libpam-suffix64 libpwquality pam-plugin-deny-suffix64 pam-plugin-faillock-suffix64 pam-plugin-permit-suffix64 pam-plugin-pwhistory-suffix64 pam-plugin-unix-suffix64 pam-plugin-warn-suffix64 
libpam,libpam-runtime-1.5.2-r0.aarch64.rpm,libpam-runtime,pam实用程序,PAM（可插拔身份验证模块）是一种系统安全工具允许系统管理员设置身份验证策略而不必重新编译处理身份验证的程序。,libc6 >= 2.34+10.3.1 libpam >= 1.5.2 libpam-suffix64 
libpam,pam-plugin-debug-1.5.2-r0.aarch64.rpm,pam-plugin-debug,pam_debug.so动态库,提供/lib64/security/pam_debug.so,libc6 >= 2.34+10.3.1 libpam >= 1.5.2 libpam-suffix64 
libpam,pam-plugin-deny-1.5.2-r0.aarch64.rpm,pam-plugin-deny,pam_deny.so动态库,提供/lib64/security/pam_deny.so,libpam >= 1.5.2 libpam-suffix64 
libpam,pam-plugin-echo-1.5.2-r0.aarch64.rpm,pam-plugin-echo,pam_echo.so动态库,提供/lib64/security/pam_echo.so,libc6 >= 2.34+10.3.1 libpam >= 1.5.2 libpam-suffix64 
libpam,pam-plugin-env-1.5.2-r0.aarch64.rpm,pam-plugin-env,pam_env.so动态库,提供/lib64/security/pam_env.so,libc6 >= 2.34+10.3.1 libpam >= 1.5.2 libpam-suffix64 
libpam,pam-plugin-exec-1.5.2-r0.aarch64.rpm,pam-plugin-exec,pam_exec.so动态库,提供/lib64/security/pam_exec.so,libc6 >= 2.34+10.3.1 libpam >= 1.5.2 libpam-suffix64 
libpam,pam-plugin-faildelay-1.5.2-r0.aarch64.rpm,pam-plugin-faildelay,pam_faildelay.so动态库,提供/lib64/security/pam_faildelay.so,libc6 >= 2.34+10.3.1 libpam >= 1.5.2 libpam-suffix64 
libpam,pam-plugin-faillock-1.5.2-r0.aarch64.rpm,pam-plugin-faillock,pam_faillock.so动态库,提供/lib64/security/pam_faillock.so,libc6 >= 2.34+10.3.1 libpam >= 1.5.2 libpam-suffix64 
libpam,pam-plugin-filter-1.5.2-r0.aarch64.rpm,pam-plugin-filter,pam_filter.so动态库,提供/lib64/security/pam_filter.so,libc6 >= 2.34+10.3.1 libpam >= 1.5.2 libpam-suffix64 
libpam,pam-plugin-ftp-1.5.2-r0.aarch64.rpm,pam-plugin-ftp,pam_ftp.so动态库,提供/lib64/security/pam_ftp.so,libc6 >= 2.34+10.3.1 libpam >= 1.5.2 libpam-suffix64 
libpam,pam-plugin-group-1.5.2-r0.aarch64.rpm,pam-plugin-group,pam_group.so动态库,提供/lib64/security/pam_group.so,libc6 >= 2.34+10.3.1 libpam >= 1.5.2 libpam-suffix64 
libpam,pam-plugin-issue-1.5.2-r0.aarch64.rpm,pam-plugin-issue,pam_issue.so动态库,提供/lib64/security/pam_issue.so,libc6 >= 2.34+10.3.1 libpam >= 1.5.2 libpam-suffix64 
libpam,pam-plugin-keyinit-1.5.2-r0.aarch64.rpm,pam-plugin-keyinit,pam_keyinit.so动态库,提供/lib64/security/pam_keyinit.so,libc6 >= 2.34+10.3.1 libpam >= 1.5.2 libpam-suffix64 
libpam,pam-plugin-lastlog-1.5.2-r0.aarch64.rpm,pam-plugin-lastlog,pam_lastlog.so动态库,提供/lib64/security/pam_lastlog.so,libc6 >= 2.34+10.3.1 libpam >= 1.5.2 libpam-suffix64 
libpam,pam-plugin-limits-1.5.2-r0.aarch64.rpm,pam-plugin-limits,pam_limits.so动态库,提供/lib64/security/pam_limits.so,libc6 >= 2.34+10.3.1 libpam >= 1.5.2 libpam-suffix64 
libpam,pam-plugin-listfile-1.5.2-r0.aarch64.rpm,pam-plugin-listfile,pam_listfile.so动态库,提供/lib64/security/pam_listfile.so,libc6 >= 2.34+10.3.1 libpam >= 1.5.2 libpam-suffix64 
libpam,pam-plugin-localuser-1.5.2-r0.aarch64.rpm,pam-plugin-localuser,pam_localuser.so动态库,提供/lib64/security/pam_localuser.so,libc6 >= 2.34+10.3.1 libpam >= 1.5.2 libpam-suffix64 
libpam,pam-plugin-loginuid-1.5.2-r0.aarch64.rpm,pam-plugin-loginuid,pam_loginuid.so动态库,提供/lib64/security/pam_loginuid.so,libc6 >= 2.34+10.3.1 libpam >= 1.5.2 libpam-suffix64 
libpam,pam-plugin-mail-1.5.2-r0.aarch64.rpm,pam-plugin-mail,pam_mail.so动态库,提供/lib64/security/pam_mail.so,libc6 >= 2.34+10.3.1 libpam >= 1.5.2 libpam-suffix64 
libpam,pam-plugin-mkhomedir-1.5.2-r0.aarch64.rpm,pam-plugin-mkhomedir,pam_mkhomedir.so动态库,提供/lib64/security/pam_mkhomedir.so,libc6 >= 2.34+10.3.1 libpam >= 1.5.2 libpam-suffix64 
libpam,pam-plugin-motd-1.5.2-r0.aarch64.rpm,pam-plugin-motd,pam_motd.so动态库,提供/lib64/security/pam_motd.so,libc6 >= 2.34+10.3.1 libpam >= 1.5.2 libpam-suffix64 
libpam,pam-plugin-namespace-1.5.2-r0.aarch64.rpm,pam-plugin-namespace,pam_namespace.so动态库,提供/lib64/security/pam_namespace.so,libc6 >= 2.34+10.3.1 libpam >= 1.5.2 libpam-suffix64 
libpam,pam-plugin-nologin-1.5.2-r0.aarch64.rpm,pam-plugin-nologin,pam_nologin.so动态库,提供/lib64/security/pam_nologin.so,libc6 >= 2.34+10.3.1 libpam >= 1.5.2 libpam-suffix64 
libpam,pam-plugin-permit-1.5.2-r0.aarch64.rpm,pam-plugin-permit,pam_permit.so动态库,提供/lib64/security/pam_permit.so,libc6 >= 2.34+10.3.1 libpam >= 1.5.2 libpam-suffix64 
libpam,pam-plugin-pwhistory-1.5.2-r0.aarch64.rpm,pam-plugin-pwhistory,pam_pwhistory.so动态库,提供/lib64/security/pam_pwhistory.so,libc6 >= 2.34+10.3.1 libcrypt1 >= 1.0+10.3.1 libpam >= 1.5.2 libpam-suffix64 
libpam,pam-plugin-rhosts-1.5.2-r0.aarch64.rpm,pam-plugin-rhosts,pam_rhostsso动态库,提供/lib64/security/pam_rhostsso,libc6 >= 2.34+10.3.1 libpam >= 1.5.2 libpam-suffix64 
libpam,pam-plugin-rootok-1.5.2-r0.aarch64.rpm,pam-plugin-rootok,pam_rootok.so动态库,提供/lib64/security/pam_rootok.so,libc6 >= 2.34+10.3.1 libpam >= 1.5.2 libpam-suffix64 
libpam,pam-plugin-securetty-1.5.2-r0.aarch64.rpm,pam-plugin-securetty,pam_securetty.so动态库,提供/lib64/security/pam_securetty.so,libc6 >= 2.34+10.3.1 libpam >= 1.5.2 libpam-suffix64 
libpam,pam-plugin-setquota-1.5.2-r0.aarch64.rpm,pam-plugin-setquota,pam_setquota.so动态库,提供/lib64/security/pam_setquota.so,libc6 >= 2.34+10.3.1 libpam >= 1.5.2 libpam-suffix64 
libpam,pam-plugin-shells-1.5.2-r0.aarch64.rpm,pam-plugin-shells,pam_shells.so动态库,提供/lib64/security/pam_shells.so,libc6 >= 2.34+10.3.1 libpam >= 1.5.2 libpam-suffix64 
libpam,pam-plugin-stress-1.5.2-r0.aarch64.rpm,pam-plugin-stress,pam_stress.so动态库,提供/lib64/security/pam_stress.so,libc6 >= 2.34+10.3.1 libpam >= 1.5.2 libpam-suffix64 
libpam,pam-plugin-succeed-if-1.5.2-r0.aarch64.rpm,pam-plugin-succeed-if,pam_succeed_if.so动态库,提供/lib64/security/pam_succeed_if.so,libc6 >= 2.34+10.3.1 libpam >= 1.5.2 libpam-suffix64 
libpam,pam-plugin-time-1.5.2-r0.aarch64.rpm,pam-plugin-time,pam_time.so动态库,提供/lib64/security/pam_time.so,libc6 >= 2.34+10.3.1 libpam >= 1.5.2 libpam-suffix64 
libpam,pam-plugin-timestamp-1.5.2-r0.aarch64.rpm,pam-plugin-timestamp,pam_timestamp.so动态库,提供/lib64/security/pam_timestamp.so,libc6 >= 2.34+10.3.1 libpam >= 1.5.2 libpam-suffix64 
libpam,pam-plugin-umask-1.5.2-r0.aarch64.rpm,pam-plugin-umask,pam_umask.so动态库,提供/lib64/security/pam_umask.so,libc6 >= 2.34+10.3.1 libpam >= 1.5.2 libpam-suffix64 
libpam,pam-plugin-unix-1.5.2-r0.aarch64.rpm,pam-plugin-unix,pam_unix.so动态库,提供/lib64/security/pam_unix.so,libc6 >= 2.34+10.3.1 libcrypt1 >= 1.0+10.3.1 libpam >= 1.5.2 libpam-suffix64 
libpam,pam-plugin-usertype-1.5.2-r0.aarch64.rpm,pam-plugin-usertype,pam_usertypeso动态库,提供/lib64/security/pam_usertypeso,libc6 >= 2.34+10.3.1 libpam >= 1.5.2 libpam-suffix64 
libpam,pam-plugin-warn-1.5.2-r0.aarch64.rpm,pam-plugin-warn,pam_warn.so动态库,提供/lib64/security/pam_warn.so,libc6 >= 2.34+10.3.1 libpam >= 1.5.2 libpam-suffix64 
libpam,pam-plugin-wheel-1.5.2-r0.aarch64.rpm,pam-plugin-wheel,pam_wheel.so动态库,提供/lib64/security/pam_wheel.so,libc6 >= 2.34+10.3.1 libpam >= 1.5.2 libpam-suffix64 
libpam,pam-plugin-xauth-1.5.2-r0.aarch64.rpm,pam-plugin-xauth,pam_xauth.so动态库,提供/lib64/security/pam_xauth.so,libc6 >= 2.34+10.3.1 libpam >= 1.5.2 libpam-suffix64 
libpcap,libpcap1-1.10.1-r0.aarch64.rpm,libpcap1,网络嗅探器库,libpcap是数据包嗅探器程序使用的库。它为他们提供了一个接口，用于捕获和分析来自网络设备的数据包。只有当您计划自己编译或编写这样的程序时，才需要此软件包。,libc6 >= 2.34+10.3.1 
libpcre,libpcre1-8.45-r0.aarch64.rpm,libpcre1,Perl兼容正则表达式的库,PCRE库是一组函数，使用与Perl 5相同的语法和语义实现正则表达式模式匹配；此PCRE库变体支持8位和UTF-8字符串。,libc6 >= 2.34+10.3.1 
libpcre2,libpcre2-10.39-r0.aarch64.rpm,libpcre2,Perl兼容正则表达式库,PCRE2库是一组函数，使用与Perl 5相同的语法和语义实现正则表达式模式匹配。PCRE2是对原始PCRE库的重新工作，以提供一个全新的API。,libc6 >= 2.34+10.3.1 
libpwquality,libpwquality-1.4.4-r0.aarch64.rpm,libpwquality,密码生成和密码质量检查库,这是一个用于密码质量检查和生成通过检查的随机密码的库。此库使用破解库和破解库字典执行一些检查。,cracklib >= 2.9.7 libc6 >= 2.34+10.3.1 libpam >= 1.5.2 
libseccomp,libseccomp-2.5.3-r0.aarch64.rpm,libseccomp,增强的seccomp库,libseccomp库为Linux内核的syscall过滤机制（seccomp）提供了一个易于使用的接口。libseccomp API允许应用程序指定允许应用程序执行哪些syscall，以及可选的哪些syscall参数，所有这些都由Linux内核强制执行。,libc6 >= 2.34+10.3.1 
libselinux,libselinux1-3.3-r0.aarch64.rpm,libselinux1,SELinux运行时库,libselinux提供了一个接口，用于获取和设置进程和文件安全上下文，以及获取安全策略决策。（安全增强的Linux是内核和一些实施强制性访问控制策略的实用程序的一个功能，如类型实施、基于角色的访问控制和多级安全。）,libc6 >= 2.34+10.3.1 libpcre1 >= 8.45 libselinux1 >= 3.3 libsepol2 >= 3.3 
libselinux,libselinux-bin-3.3-r0.aarch64.rpm,libselinux-bin,SELinux libselinux实用程序,"libselinux-bin软件包包含实用程序,",libc6 >= 2.34+10.3.1 libpcre1 >= 8.45 
libsemanage,libsemanage2-3.3-r0.aarch64.rpm,libsemanage2,SELinux策略管理库,libsemanage是策略管理库。使用libsepol和libselinux与SELinux系统交互，它还调用帮助程序来加载策略和检查file_contexts配置是否有效。,audit >= 3.0.1 libbz2-1 >= 1.0.8 libc6 >= 2.34+10.3.1 libselinux1 >= 3.3 libsepol2 >= 3.3 
libsepol,libsepol2-3.3-r0.aarch64.rpm,libsepol2,SELinux二进制策略操作库,提供SELinux二进制策略操作库,libc6 >= 2.34+10.3.1 libsepol2 >= 3.3 
libsepol,libsepol-bin-3.3-r0.aarch64.rpm,libsepol-bin,SELinux二进制策略操作工具,libsepol提供了一个用于操作SELinux二进制策略的API。它由checkpolicy（策略编译器）和类似的工具，以及需要对二进制策略执行特定转换（如自定义策略布尔设置）的程序使用。,libc6 >= 2.34+10.3.1 
libtirpc,libtirpc3-1.3.2-r0.aarch64.rpm,libtirpc3,与传输无关的RPC库,传输独立RPC库(TI-RPC)是glibc中不支持IPv6地址的标准SunRPC库的替代。此实现允许支持UDP和TCP over IPv4以外的其他传输。,libc6 >= 2.34+10.3.1 
libunistring,libunistring2-0.9.10-r0.aarch64.rpm,libunistring2,GNU Unicode字符串库,该库实现了Unicode字符串（有三种风格：UTF-8字符串、UTF-16字符串和UTF-32字符串），以及Unicode字符集函数（字符名、分类、属性）和字符串处理函数（格式化输出、宽度、分词、换行、规范化、大小写折叠、正则表达式）。,libc6 >= 2.34+10.3.1 
libusb,libusb-1.0-0-1.0.24-r0.aarch64.rpm,libusb-1.0-0,USB库,Libusb是一个允许用户空间访问USB设备的库。,libc6 >= 2.34+10.3.1 
libuv,libuv1-1.42.0-r0.aarch64.rpm,libuv1,异步I/O支持库,,libc6 >= 2.34+10.3.1 
libwebsockets,libwebsockets19-4.3.0-r0.aarch64.rpm,libwebsockets19,用于Websockets的轻量级C库,这是用于轻量级websocket客户端和服务器的libwebsockets C库。,libc6 >= 2.34+10.3.1 libuv1 >= 1.42.0 libwebsockets19 >= 4.3.0 
libwebsockets,libwebsockets-evlib-uv-4.3.0-r0.aarch64.rpm,libwebsockets-evlib-uv,提供libwebsockets-evlib_uv.so,,libc6 >= 2.34+10.3.1 libcrypto1.1 >= 1.1.1m libssl1.1 >= 1.1.1m libwebsockets-evlib-uv 
libxcrypt-external,libcrypt1-1.0+10.3.1-r0.aarch64.rpm,libcrypt1,用于DES、MD5、Blowfish等的扩展加密库,,glibc-external 
libxml2,libxml2-2.9.14-r0.aarch64.rpm,libxml2,提供XML和HTML支持的库,此库允许操作XML文件。它包括读取、修改和写入XML和HTML文件的支持。DTD支持，这包括解析和验证，即使是复杂的DtD，可以在解析时或在修改文档后更晚。输出可以是简单的SAX流，也可以是内存中类似DOM的表示。在这种情况下，可以使用内置的XPath和XPointer实现来选择子节点或范围。提供灵活的输入/输出机制，具有现有的HTTP和FTP模块，并组合到URI库。,libc6 >= 2.34+10.3.1 libz1 >= 1.2.11 
libxml2,libxml2-utils-2.9.14-r0.aarch64.rpm,libxml2-utils,用于操作XML文件的实用程序,此软件包包含用于操作XML文件的实用程序。,libc6 >= 2.34+10.3.1 libxml2 >= 2.9.14 
logrotate,logrotate-3.20.1-r0.aarch64.rpm,logrotate,用于旋转、压缩、邮寄和删除系统日志文件的Cron服务,logrotate实用程序自动旋转、压缩、邮寄和删除日志文件。Logrotate可以设置为每天、每周、每月或当日志文件达到一定大小时处理日志文件。通常，logrotate作为每日cron作业运行。它只管理普通文件，不参与systemd的日志轮换。, libacl1 >= 2.3.1 libc6 >= 2.34+10.3.1 libpopt0 >= 1.18 
lvm2,lvm2-2.03.14-r0.aarch64.rpm,lvm2,Userland逻辑卷管理工具,LVM2包括处理物理卷（硬盘、RAID系统、磁光等，多个设备（MD），请参阅mdm(8)，甚至环路设备，请参见Lostup(8))上的读/写操作的所有支持，从一个或多个物理卷创建卷组（虚拟磁盘种类），并在卷组中创建一个或多个逻辑卷（逻辑分区种类）。,libaio1 >= 0.3.112 libblkid1 >= 2.37.2 libc6 >= 2.34+10.3.1 
lvm2,lvm2-scripts-2.03.14-r0.aarch64.rpm,lvm2-scripts,提供blkdeactivate、fsadm、lvmdum命令,提供/usr/sbin/blkdeactivate、/usr/sbin/fsadm和/usr/sbin/lvmdump,bash lvm2 = 2.03.14-r0 
lxc,lxc-4.0.3-r0.aarch64.rpm,lxc,Linux内核容器的用户空间工具,LXC是众所周知的、经过严格测试的低层次Linux容器运行时。,libc6 >= 2.34+10.3.1 libcap >= 2.61 libgcc-s1 >= 10.3.1+10.3.1 libseccomp >= 2.5.3 yajl >= 2.1.0
lz4,lz4-1.9.3-r0.aarch64.rpm,lz4,基于散列的预测Lempel–Ziv压缩器,LZ4是一种无损数据压缩算法，专注于压缩和解压缩速度。它属于面向字节压缩方案的LZ77（Lempel–Ziv）家族。它是一个LZP2分叉，为文本文件提供更好的压缩比。,libc6 >= 2.34+10.3.1 
lzo,liblzo2-2-2.10-r0.aarch64.rpm,liblzo2-2,实时数据压缩库,LZO是一个以ANSI C编写的便携式无损数据压缩库。解压缩不需要内存。LZO适用于实时数据压缩和解压缩。这意味着它有利于速度超过压缩比。,libc6 >= 2.34+10.3.1 
modutils-initscripts,modutils-initscripts-1.0-r7.aarch64.rpm,modutils-initscripts,启动时自动加载内核模块的初始化脚本,,
ncurses,libform5-6.3-r0.aarch64.rpm,libform5,libform动态库,提供/usr/lib64/libform.so.*,libc6 >= 2.34+10.3.1 libncurses5 >= 6.3 
ncurses,libmenu5-6.3-r0.aarch64.rpm,libmenu5,libmenu动态库,提供/usr/lib64/libmenu.so.*,libc6 >= 2.34+10.3.1 libncurses5 >= 6.3 
ncurses,libncurses5-6.3-r0.aarch64.rpm,libncurses5,libncurses动态库,提供/lib64/libncurses.so.*,libc6 >= 2.34+10.3.1 libtinfo5 >= 6.3 
ncurses,libpanel5-6.3-r0.aarch64.rpm,libpanel5,libpanel动态库,提供/usr/lib64/libpanel.so.*,libc6 >= 2.34+10.3.1 libncurses5 >= 6.3 
ncurses,libtinfo5-6.3-r0.aarch64.rpm,libtinfo5,libtinfo动态库,提供/lib64/libtinfo.so.*,libc6 >= 2.34+10.3.1 
ncurses,ncurses-6.3-r0.aarch64.rpm,ncurses,CRT屏幕处理和优化包,提供/usr/bin/tput、/usr/bin/tset功能,libc6 >= 2.34+10.3.1 libtinfo5 >= 6.3 
ncurses,ncurses-terminfo-6.3-r0.aarch64.rpm,ncurses-terminfo,终端描述数据库,这是ncures包中维护的术语信息基本数据库。此数据库是4.4BSD术语帽文件的官方继承者，包含有关任何已知终端的信息。ncures库利用此数据库正确使用终端。,ncurses-terminfo-base update-alternatives-opkg
ncurses,ncurses-terminfo-base-6.3-r0.aarch64.rpm,ncurses-terminfo-base,提供终端信息基础,提供/etc/terminfo/*,
nettle,nettle-3.8.1-r0.aarch64.rpm,nettle,加密工具,Nettle是一个加密库，设计用于或多或少地适应任何环境：面向对象语言（C++、Python、Pike等）的加密工具包，LSH或GNUPG等应用程序，甚至内核空间。,libc6 >= 2.34+10.3.1 libgmp10 >= 6.2.1 
nfs-utils,nfs-utils-2.5.4-r0.aarch64.rpm,nfs-utils,NFS实用程序以及内核NFS服务器的支持客户端和守护程序,nfs-utils软件包为内核NFS服务器和相关工具提供了一个守护程序，它提供了比大多数用户使用的传统Linux NFS服务器更高的性能级别。,initd-functions libblkid1 >= 2.37.2 libc6 >= 2.34+10.3.1 libtirpc3 >= 1.3.2 libuuid1 >= 2.37.2 nfs-utils-client 
nfs-utils,nfs-utils-client-2.5.4-r0.aarch64.rpm,nfs-utils-client,查询远程主机上的装载守护程序,此软件包还包含showmount程序。Showmount查询远程主机上的装载守护程序，以了解有关远程主机上NFS（网络文件系统）服务器的信息。例如，showmount可以显示装载在该主机上的客户端。,base-files base-passwd initd-functions libc6 >= 2.34+10.3.1 libcap >= 2.61 libtirpc3 >= 1.3.2 nfs-utils-mount rpcbind shadow
nfs-utils,nfs-utils-mount-2.5.4-r0.aarch64.rpm,nfs-utils-mount,挂载或卸载文件系统,此软件包还包含mount.nfs和umount.nfs程序。,libc6 >= 2.34+10.3.1 libmount1 >= 2.37.2 libtirpc3 >= 1.3.2 
openamp,libopen-amp1-2022.04.0-r0.aarch64.rpm,libopen-amp1,提供libopen_amp.so.1,,libc6 >= 2.34+10.3.1 libmetal >= 2022.04.0 screen
openssh,openssh-keygen-8.8p1-r0.aarch64.rpm,openssh-keygen,生成ssh公钥认证所需的公钥和私钥文件,提供/usr/bin/ssh-keygen,libc6 >= 2.34+10.3.1 libcrypto1.1 >= 1.1.1m 
openssh,openssh-misc-8.8p1-r0.aarch64.rpm,openssh-misc,ssh远程登陆管理主机,提供/usr/bin/ssh、/usr/bin/ssh-add、/usr/bin/ssh-agent、/usr/bin/ssh-copy-id、/usr/bin/ssh-keyscan等,libc6 >= 2.34+10.3.1 libcrypto1.1 >= 1.1.1m libz1 >= 1.2.11 
openssh,openssh-scp-8.8p1-r0.aarch64.rpm,openssh-scp,远程复制命令,提供/usr/bin/scp,libc6 >= 2.34+10.3.1 libcrypto1.1 >= 1.1.1m update-alternatives-opkg
openssh,openssh-sftp-8.8p1-r0.aarch64.rpm,openssh-sftp,远程文件传输服务,提供/usr/bin/sftp,libc6 >= 2.34+10.3.1 libcrypto1.1 >= 1.1.1m 
openssh,openssh-sftp-server-8.8p1-r0.aarch64.rpm,openssh-sftp-server,”sftp“协议的服务器端程序使用加密的方式进行文件传输,提供/usr/libexec/sftp-server,libc6 >= 2.34+10.3.1 libcrypto1.1 >= 1.1.1m 
openssh,openssh-ssh-8.8p1-r0.aarch64.rpm,openssh-ssh,ssh服务配置文件,提供/etc/ssh/ssh_config,libc6 >= 2.34+10.3.1 libcrypto1.1 >= 1.1.1m libz1 >= 1.2.11 update-alternatives-opkg
openssh,openssh-sshd-8.8p1-r0.aarch64.rpm,openssh-sshd,ssh服务进程启动,提供/usr/sbin/sshd、/usr/libexec/openssh/sshd_check_keys等,base-files base-passwd libc6 >= 2.34+10.3.1 libcrypt1 >= 1.0+10.3.1 libcrypto1.1 >= 1.1.1m libpam >= 1.5.2 libz1 >= 1.2.11 openssh-keygen pam-plugin-keyinit pam-plugin-loginuid shadow
openssl,openssl-conf-1.1.1m-r0.aarch64.rpm,openssl-conf,openssl的主配置文件,提供/etc/ssl/openssl.cnf,libc6 >= 2.34+10.3.1 
openssl,libcrypto1.1-1.1.1m-r0.aarch64.rpm,libcrypto1.1,OpenSSL crypto库,提供/usr/lib64/libcrypto.so.*,libc6 >= 2.34+10.3.1 libcrypto1.1 >= 1.1.1m 
openssl,libssl1.1-1.1.1m-r0.aarch64.rpm,libssl1.1,OpenSSL SSL库,提供/usr/lib64/libssl.so.*,
opkg-utils,update-alternatives-opkg-0.5.0-r0.aarch64.rpm,update-alternatives-opkg,通过确定默认命令来维护符号链接,提供opkg-utils的update-alternatives程序,
os-base,os-base-1.0-r1.qemu_aarch64.rpm,os-base,openEuler Embedded的额外基本配置文件,,
os-release,os-release-1.0-r0.noarch.rpm,os-release,添加openeuler版本信息,添加openeuler版本信息，同时添加os-revision记录构建时间戳。生成的镜像也放到时间戳目录便于区分不同版本,
pciutils,libpci3-3.7.0-r0.aarch64.rpm,libpci3,PCI实用程序库,libpci提供了对PCI配置空间的访问,libc6 >= 2.34+10.3.1 libz1 >= 1.2.11 
pciutils,pciutils-3.7.0-r0.aarch64.rpm,pciutils,Linux内核的PCI实用程序,lspci：此程序显示有关系统中所有PCI总线和设备的详细信息，取代原始的/proc/pci接口；setpci：此程序允许读取和写入PCI设备配置寄存器。例如，您可以使用它调整延迟计时器；update-pciids：此程序下载pci.ids文件的当前版本。,libc6 >= 2.34+10.3.1 libkmod2 >= 30 libpci3 >= 3.7.0 libz1 >= 1.2.11 pciutils-ids 
pciutils,pciutils-ids-3.7.0-r0.aarch64.rpm,pciutils-ids,存放系统所有支持和不支持的硬件信息,提供/usr/share/hwdata/pci.ids.gz,
policycoreutils,policycoreutils-3.3-r0.aarch64.rpm,policycoreutils,显示当前seinux信息修改selinux策略内各项规则的布尔值,提供/etc/pam.d、/sbin/setsebool、/usr/bin/sestatus和/var/lib/selinux,libc6 >= 2.34+10.3.1 libselinux1 >= 3.3 libsemanage2 >= 3.3 
policycoreutils,policycoreutils-fixfiles-3.3-r0.aarch64.rpm,policycoreutils-fixfiles,检查或矫正文件系统中的安全环境数据库,提供/sbin/fixfiles,policycoreutils-setfiles 
policycoreutils,policycoreutils-hll-3.3-r0.aarch64.rpm,policycoreutils-hll,提供/usr/libexec/selinux/hll/pp,提供/usr/libexec/selinux/hll/pp,libc6 >= 2.34+10.3.1 libsepol2 >= 3.3 
policycoreutils,policycoreutils-loadpolicy-3.3-r0.aarch64.rpm,policycoreutils-loadpolicy,装载或替换新的二进制策略到内核中保持使用当前的Bootlean值,提供/sbin/load_policy,libc6 >= 2.34+10.3.1 libselinux1 >= 3.3 libsepol2 >= 3.3 
policycoreutils,policycoreutils-semodule-3.3-r0.aarch64.rpm,policycoreutils-semodule,可以显示、加载、删除模块,提供/sbin/semodule,libc6 >= 2.34+10.3.1 libselinux libsemanage2 >= 3.3 libsepol2 >= 3.3 
policycoreutils,policycoreutils-sestatus-3.3-r0.aarch64.rpm,policycoreutils-sestatus,显示系统的详细状态,提供/etc/sestatus.conf和/sbin/sestatus,libselinux policycoreutils 
policycoreutils,policycoreutils-setfiles-3.3-r0.aarch64.rpm,policycoreutils-setfiles,恢复或更改一部分文件的标签,提供/sbin/restorecon、/sbin/restorecon_xattr和/sbin/setfiles,libc6 >= 2.34+10.3.1 libselinux1 >= 3.3 libsepol2 >= 3.3 
popt,libpopt0-1.18-r0.aarch64.rpm,libpopt0,一个用于解析命令行参数的C库,Popt是一个用于解析命令行参数的C库。Popt受到getopt()和getopt_long()函数的严重影响。它通过允许更强大的参数扩展来改进它们。Popt可以解析任意argv[]样式数组，并根据命令行参数自动设置变量。Popt允许通过配置文件别名命令行参数，并包括用于使用类似shell的规则将任意字符串解析为argv[]数组的实用程序函数。,libc6 >= 2.34+10.3.1 
procps,libprocps8-3.3.17-r0.aarch64.rpm,libprocps8,procps库,procps库可用于从/proc读取进程信息pseudo-file系统中的信息。,libc6 >= 2.34+10.3.1 
procps,procps-3.3.17-r0.aarch64.rpm,procps,/proc的ps实用程序,procps包包含一组提供系统信息的系统实用程序。Procps包括ps、free、skill、snice、tload、top、uptime、vmstat、w和watch。,libc6 >= 2.34+10.3.1 libncurses5 >= 6.3 libprocps8 >= 3.3.17 libtinfo5 >= 6.3 procps-ps procps-sysctl update-alternatives-opkg
procps,procps-ps-3.3.17-r0.aarch64.rpm,procps-ps,提供ps程序查看进程运行状态,,libc6 >= 2.34+10.3.1 libprocps8 >= 3.3.17 update-alternatives-opkg
procps,procps-sysctl-3.3.17-r0.aarch64.rpm,procps-sysctl,,,libc6 >= 2.34+10.3.1 procps-lib update-alternatives-opkg
psmisc,pstree-23.4-r0.aarch64.rpm,pstree,显示进程状态树,列出当前的进程，以及它们的树状结构,libc6 >= 2.34+10.3.1 libtinfo5 >= 6.3 
quota,quota-4.06-r0.aarch64.rpm,quota,用于监控用户磁盘使用情况的系统管理工具,包含系统管理工具，用于监控和限制每个文件系统的用户和或组磁盘使用情况。,libc6 >= 2.34+10.3.1 libcom-err2 >= 1.46.4 libext2fs2 >= 1.46.4 libtirpc3 >= 1.3.2 
readline,libreadline8-8.1-r0.aarch64.rpm,libreadline8,Readline库,readline库由 Bourne Again Shell（bash，标准命令解释器）用于轻松编辑命令行。这包括历史记录和搜索功能。,libc6 >= 2.34+10.3.1 libtinfo5 >= 6.3 
rng-tools,rng-tools-6.14-r0.aarch64.rpm,rng-tools,随机数生成器和相关实用程序,硬件随机数生成工具。它监视一组熵源，并将熵提供给系统内核的/dev/random机制。,libc6 >= 2.34+10.3.1 libcrypto1.1 >= 1.1.1m libjitterentropy3 >= 3.3.1 
rpcbind,rpcbind-1.2.6-r0.aarch64.rpm,rpcbind,RPC程序号映射器的通用地址,rpcbind实用程序是将RPC程序编号转换为通用地址的服务器。它必须在主机上运行，才能在该计算机上的服务器上进行RPC调用。,base-files base-passwd initd-functions libc6 >= 2.34+10.3.1 libtirpc3 >= 1.3.2 shadow update-alternatives-opkg
rsyslog,rsyslog-8.2110.0-r0.aarch64.rpm,rsyslog,用于Linux和Unix的增强系统日志,Rsyslog是一个增强的多线程syslogd，支持MySQL、syslog/tcp、RFC 3195、允许的发件人列表、对任何消息部分的过滤和细粒度输出格式控制。它与库存sysklogd相当兼容，可以用作直接替换。它的高级功能使它适合企业级、加密保护的系统日志中继链，同时也非常容易为新手用户设置。,libc6 >= 2.34+10.3.1 libcurl4 >= 7.79.1 libestr0 >= 0.1.11 libfastjson4 >= 0.99.9 libgnutls30 >= 3.7.2 libuuid1 >= 2.37.2 libz1 >= 1.2.11 logrotate 
screen,screen-4.8.0-r0.aarch64.rpm,screen,支持在一个终端上多次登录的管理器,screen实用程序允许您在一个终端上多次登录。screen对于通过远程登录到机器或通过哑终端连接但希望使用多个登录的用户非常有用。,base-files libc6 >= 2.34+10.3.1 libcrypt1 >= 1.0+10.3.1 libpam >= 1.5.2 libtinfo5 >= 6.3 
sed,sed-4.8-r0.aarch64.rpm,sed,GNU流文本编辑器,sed（流编辑器）编辑器是流或批处理（非交互式）编辑器。Sed将文本作为输入，对文本执行操作或一组操作，并输出修改后的文本。sed执行的操作（替换、删除、插入等）可以在脚本文件或命令行中指定。,libc6 >= 2.34+10.3.1 update-alternatives-opkg
shadow,shadow-4.9-r0.aarch64.rpm,shadow,用于管理用户和组帐户的实用程序,此软件包包括将普通密码文件转换为影子密码格式以及管理用户和组帐户所需的程序。,base-passwd libattr1 >= 2.5.1 libc6 >= 2.34+10.3.1 libcrypt1 >= 1.0+10.3.1 libpam >= 1.5.2 libpam-runtime pam-plugin-env pam-plugin-faildelay pam-plugin-group pam-plugin-lastlog pam-plugin-limits pam-plugin-mail pam-plugin-motd pam-plugin-nologin pam-plugin-rootok pam-plugin-securetty pam-plugin-shells shadow-base shadow-securetty update-alternatives-opkg util-linux-sulogin
shadow,shadow-base-4.9-r0.aarch64.rpm,shadow-base,提供sg工具,提供/usr/bin/sg工具,libc6 >= 2.34+10.3.1 libcrypt1 >= 1.0+10.3.1 libpam >= 1.5.2 update-alternatives-opkg
shadow,shadow-securetty-4.8.1-r1.aarch64.rpm,shadow-securetty,安全终端,提供/etc/securetty,
squashfs-tools,squashfs-tools-4.5-r0.aarch64.rpm,squashfs-tools,用于创建squashfs文件系统的实用程序,squashfs是Linux的高度压缩只读文件系统。此软件包包含用于操作squashfs文件系统的实用程序。,libc6 >= 2.34+10.3.1 liblzma5 >= 5.2.5 liblzo2-2 >= 2.10 libz1 >= 1.2.11 lz4 >= 1.9.3 
strace,strace-5.14-r0.aarch64.rpm,strace,跟踪和显示与正在运行的进程关联的系统调用,strace程序拦截并记录运行进程调用和接收的系统调用。strace可以打印每个系统调用、其参数和返回值的记录。strace对于诊断问题和调试以及教学目的都很有用。,libc6 >= 2.34+10.3.1 
sysfsutils,libsysfs2-2.1.1-r5.aarch64.rpm,libsysfs2,sysfsutils的主库,此包包含运行与sysfsutils动态链接的程序所需的库。libsysfs库允许访问系统设备。,libc6 >= 2.34+10.3.1 
sysfsutils,sysfsutils-2.1.1-r5.aarch64.rpm,sysfsutils,提供与sysfs接口的实用程序,,libc6 >= 2.34+10.3.1 libsysfs2 >= 2.1.1 
tcl,libtcl8.6-0-8.6.12-r0.aarch64.rpm,libtcl8.6-0,tcl的共享库,,libc6 >= 2.34+10.3.1 libz1 >= 1.2.11 
tcl,tcl-8.6.12-r0.aarch64.rpm,tcl,Tcl编程语言,Tcl（工具命令语言）是一种非常强大但易于学习的动态编程语言，适用于非常广泛的用途，包括web和桌面应用程序、网络、管理、测试等。,libc6 >= 2.34+10.3.1 libtcl8.6-0 >= 8.6.12 
tzdata,tzdata-core-2022a-r0.aarch64.rpm,tzdata-core,时区说明,描述可用时区的配置文件。,
update-rc.d,update-rc.d-0.8-r0.noarch.rpm,update-rc.d,管理/etc/rcN.d中的符号链接,,
util-linux,libblkid1-2.37.2-r0.aarch64.rpm,libblkid1,块设备ID库,块设备识别库，util-linux的一部分。,libc6 >= 2.34+10.3.1 
util-linux,libfdisk1-2.37.2-r0.aarch64.rpm,libfdisk1,文件系统检测库,用于文件系统检测的库。,libblkid1 >= 2.37.2 libc6 >= 2.34+10.3.1 libuuid1 >= 2.37.2 
util-linux,libmount1-2.37.2-r0.aarch64.rpm,libmount1,设备挂载库,设计用于低级实用程序的库，如mount(8)和/usr/sbin/mount,libblkid1 >= 2.37.2 libc6 >= 2.34+10.3.1 
util-linux,util-linux-su-2.37.2-r0.aarch64.rpm,util-linux-su,用于变更为其他使用者的身份,提供su命令，用于变更使用者身份,libc6 >= 2.34+10.3.1 libpam >= 1.5.2 update-alternatives-opkg
util-linux,util-linux-sulogin-2.37.2-r0.aarch64.rpm,util-linux-sulogin,进行单用户登录,,libc6 >= 2.34+10.3.1 libcrypt1 >= 1.0+10.3.1 update-alternatives-opkg
util-linux-libuuid,libuuid1-2.37.2-r0.aarch64.rpm,libuuid1,用于生成UUIDs的库,,libc6 >= 2.34+10.3.1 
xz,liblzma5-5.2.5-r0.aarch64.rpm,liblzma5,Lempel–Ziv–Markov 链算法压缩库,用于编码/解码LZMA文件的库。,libc6 >= 2.34+10.3.1 
xz,xz-5.2.5-r0.aarch64.rpm,xz,LZMA压缩实用程序,XZ Utils试图使LZMA压缩易于在自由（如自由）操作系统上使用。这是通过提供类似于使用的工具和库来实现的，而不是最流行的现有压缩算法的等效工具和库。LZMA是由伊戈尔·巴甫洛夫设计的通用压缩算法，作为7-Zip的一部分。它提供了高压缩比，同时保持了快速的解压缩速度。,libc6 >= 2.34+10.3.1 liblzma5 >= 5.2.5 update-alternatives-opkg
yajl,yajl-2.1.0-r0.aarch64.rpm,yajl,又一个JSON库(YAJL),又是一个JSON库。YAJL是一个用ANSI C编写的小型事件驱动（SAX风格）JSON解析器，也是一个小型验证JSON生成器。,libc6 >= 2.34+10.3.1 
zlib,libz1-1.2.11-r0.aarch64.rpm,libz1,实现DEFLATE压缩算法的库,zlib是一个通用的无损数据压缩库，实现了DEFLATE算法的API，例如gzip和ZIP存档格式正在使用后者。,libc6 >= 2.34+10.3.1 
